Model,Accuracy,ROC-AUC,CV Accuracy
Logistic Regression,0.6752380952380952,0.7239411530637669,0.6704761904761904
Decision Tree,0.6447619047619048,0.6751113792808506,0.6479761904761905
